Nombres,Apellidos,Número de documento,Inicio de contrato,Cuota semanal,Marca del auto,Modelo del auto,Placa del auto
Cheryl,Gordon,89422647,2023-06-12,144.83,Ford,Malibu,885 SRP
Carol,Dominguez,49775075,2022-10-20,173.36,Honda,Focus,80-5502K
Stephanie,Tran,25959728,2024-01-23,131.46,Ford,Civic,0V W5119
Paul,Krause,46330218,2024-01-19,176.97,Chevrolet,Malibu,365 NJH
Jose,Flores,50500633,2023-09-25,102.36,Toyota,Malibu,091 HU8
Shane,Richards,98660037,2023-08-14,184.5,Chevrolet,Corolla,AY 5103
Marissa,Evans,22951847,2024-05-24,149.06,Honda,Sentra,067 GRW
Walter,Watts,77985571,2023-05-18,126.19,Chevrolet,Civic,146-VGG
Mathew,Ramsey,38222774,2023-03-21,114.82,Toyota,Sentra,78-77673
Mary,Morales,60281507,2023-04-22,182.79,Nissan,Sentra,81-X829
Aaron,Gomez,76660202,2024-05-25,172.08,Honda,Sentra,WYI-1485
Levi,Perkins,71345585,2023-09-16,178.81,Honda,Civic,579 WRL
Kathryn,Mathis,24487657,2024-03-07,178.84,Honda,Sentra,635S
Eric,Baker,31911759,2023-08-12,104.12,Ford,Civic,APA2392
Jeffrey,Pierce,57321321,2022-10-13,144.41,Honda,Focus,2SV03
Ryan,Young,68791168,2023-12-29,103.1,Ford,Civic,37V Z97
Shane,Sullivan,40687976,2022-07-08,189.75,Ford,Corolla,914-XHZ
Eric,Cooper,18315826,2023-02-01,196.3,Honda,Focus,4-06050Y
Geoffrey,Reese,73018112,2023-11-16,179.27,Toyota,Focus,J98-ORL
David,Webb,29478465,2023-11-08,140.47,Chevrolet,Corolla,CF1 0503
Ashley,Martinez,99365623,2024-04-20,173.25,Ford,Sentra,075 8FA
Charles,Bennett,65467502,2023-09-19,112.62,Toyota,Corolla,275 HP4
Steven,Watson,19461212,2023-05-08,167.22,Nissan,Focus,829-301
Jillian,Gibson,60377009,2023-04-27,184.01,Ford,Focus,5-6122C
Zachary,Raymond,78112433,2023-02-28,102.38,Honda,Sentra,83-JZ14
Jeremy,Williams,22518073,2023-03-23,142.53,Toyota,Corolla,248 UXG
David,Holmes,50288016,2024-04-05,132.78,Chevrolet,Corolla,Q43-ZLL
Michael,Armstrong,21976554,2024-01-21,125.94,Honda,Malibu,85K•261
Jason,Gallagher,97114440,2023-08-21,182.06,Honda,Malibu,4C 1644W
Justin,Fisher,88902056,2023-08-16,139.47,Honda,Corolla,514-GNB
Antonio,Robertson,62396198,2023-09-17,170.75,Ford,Corolla,181 XGD
Jennifer,Barr,80699100,2022-06-17,145.32,Nissan,Malibu,922 6LL
Nicole,Kelley,16416678,2024-05-16,139.06,Nissan,Sentra,184 OMY
Tiffany,Lane,25154417,2024-05-02,160.62,Honda,Sentra,6-09065S
Jenny,Smith,71858383,2024-01-29,158.1,Honda,Malibu,HHQ 957
Robert,Mayer,83595187,2023-07-11,195.72,Honda,Malibu,4GS4849
Melinda,King,29762933,2023-10-06,116.2,Toyota,Sentra,J44 6VS
Leah,Alvarez,37731127,2023-08-01,192.11,Ford,Focus,764-CVK
Scott,Gonzalez,98702735,2023-09-11,177.58,Chevrolet,Civic,WPZ-291
Matthew,Adams,31209785,2022-07-27,101.09,Ford,Focus,4ZW8244
Jeffery,Hernandez,37035374,2022-10-03,132.47,Honda,Civic,PZ 06527
Mario,Bonilla,35111518,2024-05-27,169.36,Nissan,Focus,185-UBA
Aaron,Smith,79087891,2023-03-14,134.49,Ford,Corolla,026-ZBH
Brandon,Reyes,27750300,2024-01-17,108.96,Ford,Focus,037 RZU
Stephen,Duarte,65515701,2023-11-28,176.45,Chevrolet,Sentra,818 VTC
Stacy,Willis,14602560,2023-07-18,150.59,Toyota,Malibu,831 SGC
Gary,Swanson,82546388,2022-09-04,130.75,Nissan,Sentra,445SXV
Traci,Cardenas,46983632,2023-03-16,183.14,Nissan,Civic,WTO 966
Christopher,Little,14460989,2023-03-25,106.55,Toyota,Corolla,3LR 643
Jerry,Webster,18904734,2023-06-19,171.27,Chevrolet,Sentra,WU-7743
Matthew,Burke,70764134,2024-04-12,115.21,Ford,Focus,VFS 071
Elizabeth,Hill,32757896,2023-01-22,128.67,Ford,Focus,0B 31309
Nathan,Gardner,45037958,2023-08-18,194.71,Nissan,Focus,99Y W19
Christopher,Alvarez,68232829,2022-09-10,123.48,Toyota,Sentra,23-NL60
David,Park,84981748,2023-10-11,144.73,Nissan,Sentra,PTP3890
Jaclyn,Potter,39741132,2024-05-17,169.44,Chevrolet,Corolla,735-QMA
Courtney,Shannon,25759659,2023-12-05,174.82,Nissan,Malibu,14-N315
Frank,Robinson,71492262,2022-08-20,142.22,Toyota,Civic,ZKA-1548
Jody,Alexander,66117522,2023-08-28,186.58,Toyota,Civic,11O 0382
Robert,Davis,48041756,2022-08-25,177.94,Ford,Civic,1TM6914
Mary,Glenn,44035717,2024-02-28,177.12,Nissan,Focus,9A DK969
Francisco,Edwards,26333850,2024-05-30,103.73,Toyota,Civic,NY-9451
Kelly,Strickland,93567117,2023-05-26,123.07,Chevrolet,Corolla,69FZ241
Cindy,Jones,18668727,2023-10-31,125.87,Ford,Civic,761-GWE
Austin,Young,41281470,2022-11-14,171.81,Nissan,Civic,WGH-1987
Shawn,Hall,21821906,2022-08-25,140.22,Chevrolet,Focus,5VH 532
Ricky,Thomas,41658327,2022-09-22,100.94,Chevrolet,Corolla,3IM G52
Michelle,Garcia,91940371,2023-12-16,105.84,Nissan,Focus,RDQ 373
Sheila,Smith,34128530,2022-08-17,160.56,Chevrolet,Corolla,88VO389
Donald,Robinson,53829918,2022-11-13,145.94,Nissan,Focus,8VH5480
Kendra,Jones,76195213,2023-05-05,156.31,Honda,Malibu,6-0072X
Sabrina,Meadows,14597103,2023-09-17,170.38,Ford,Civic,040-DVN
Jeffery,Leon,53832769,2024-01-01,145.98,Honda,Sentra,R27 1KU
Tyler,Woods,24302323,2024-04-11,156.59,Ford,Civic,MQU8948
Michael,Lewis,36968599,2023-08-21,174.87,Honda,Corolla,5446
Bruce,Wilson,22561113,2023-05-16,185.29,Chevrolet,Focus,532-XINI
Amy,Nicholson,66452095,2022-06-17,164.37,Chevrolet,Corolla,HUD 591
Rachel,Harris,68647844,2024-04-22,186.15,Nissan,Focus,9-8013C
Caleb,Khan,25635684,2023-08-26,187.36,Honda,Corolla,3G 5P7NBP
Richard,Davis,81990279,2023-02-17,123.23,Nissan,Malibu,65X 860
Katrina,Gill,45351350,2023-01-21,174.04,Toyota,Focus,89I 398
Joel,Ramirez,39177770,2023-06-26,160.18,Chevrolet,Corolla,504 HBL
Julie,Williams,86731976,2022-11-23,178.52,Ford,Sentra,62M K67
Danielle,Stephens,43177261,2023-10-18,159.33,Honda,Corolla,O78-SLQ
Clayton,Lutz,96739863,2024-04-27,193.31,Ford,Corolla,764-EBC
Michael,Holder,53287913,2024-01-09,119.05,Honda,Malibu,773XCH
Lisa,Yates,81882073,2023-04-13,143.14,Nissan,Malibu,EEK0177
Wanda,Johnson,66801767,2023-02-17,125.04,Toyota,Malibu,8340
Felicia,Williams,66764039,2023-10-20,187.41,Nissan,Corolla,H 554602
Joseph,Hart,86523532,2022-07-28,175.17,Ford,Corolla,92-3347A
Robert,Nelson,38617045,2023-04-17,136.99,Toyota,Focus,6R F9560
Jessica,Haas,65017317,2022-09-25,141.6,Chevrolet,Focus,Y 370046
Brian,White,94373643,2023-10-04,135.69,Toyota,Malibu,329TSW
Kimberly,Baldwin,51866412,2023-09-20,117.59,Toyota,Corolla,6I 6Z6FOF
Evan,Cannon,85967803,2022-07-12,159.08,Toyota,Civic,YLB3428
Joshua,Gaines,91582944,2023-09-22,104.89,Toyota,Civic,70-0514D
Kara,Rodriguez,75147960,2022-06-17,168.21,Honda,Corolla,BCL-758
Theresa,Humphrey,26253287,2022-10-02,114.32,Toyota,Sentra,9TQ9066
Roger,Vasquez,80760931,2023-01-01,144.6,Ford,Sentra,726-QOZ
Deanna,Carlson,44063135,2024-02-07,191.44,Honda,Corolla,0F 59876
